LOTACAO_ID,NM_LOTACAO,DS_LOTACAO,CENTRO_CUSTO_ID,DT_FIM
5,DVCI,Divisão de Controles Internos e Compliance,1,
1,DVGT,Divisão de Gestão de Tecnologia da Informação,1,
2,DVGE,Divisão de Gestão Estratégica,1,
3,DVGS,Divisão de Gestão Assistencial,2,
4,DVGA,Divisão de Gestão Administrativo-Financeira,1,
12,COD,Conselho Deliberativo,,
13,COF,Conselho Fiscal,,
14,Auditoria,Auditoria Interna ,1,
10,Ouvidoria,Ouvidoria,1,
6,DVGC,Divisão de Gestão Contábil,1,
7,DVGI,Divisão de Gestão de Investimentos,1,
8,DVGR,Divisão de Gestão de Relacionamento com o Participante,1,
9,DVGP,Divisão de Gestão Previdenciária,1,
11,DEX,Diretoria Executiva,,
